{
  "project_info": {
    "project_number": "1080961954717",
    "firebase_url": "https://baseer-40cf2-default-rtdb.asia-southeast1.firebasedatabase.app",
    "project_id": "baseer-40cf2",
    "storage_bucket": "baseer-40cf2.firebasestorage.app"
  },
  "client": [
    {
      "client_info": {
        "mobilesdk_app_id": "1:1080961954717:android:f2a307fba232295604f574",
        "android_client_info": {
          "package_name": "com.example.basser"
        }
      },
      "oauth_client": [],
      "api_key": [
        {
          "current_key": "AIzaSyAM7BTnOFvRuA2ZO5uf5g9YxJlTr-6zBOE"
        }
      ],
      "services": {
        "appinvite_service": {
          "other_platform_oauth_client": []
        }
      }
    }
  ],
  "configuration_version": "1"
}