{"flutter":{"platforms":{"android":{"default":{"projectId":"baseer-40cf2","appId":"1:1080961954717:android:f2a307fba232295604f574","fileOutput":"android/app/google-services.json"}},"ios":{"default":{"projectId":"baseer-40cf2","appId":"1:1080961954717:ios:d1a04e690feb923104f574","uploadDebugSymbols":false,"fileOutput":"ios/Runner/GoogleService-Info.plist"}},"macos":{"default":{"projectId":"baseer-40cf2","appId":"1:1080961954717:ios:d1a04e690feb923104f574","uploadDebugSymbols":false,"fileOutput":"macos/Runner/GoogleService-Info.plist"}},"dart":{"lib/firebase_options.dart":{"projectId":"baseer-40cf2","configurations":{"android":"1:1080961954717:android:f2a307fba232295604f574","ios":"1:1080961954717:ios:d1a04e690feb923104f574","macos":"1:1080961954717:ios:d1a04e690feb923104f574","web":"1:1080961954717:web:b681c3466cac60d704f574","windows":"1:1080961954717:web:b415f4107c08f79204f574"}}}}}}